Longitude (x),Latitude (y),Station Name,Climate ID,Date/Time,Year,Month,Day,Data Quality,Max Temp (°C),Max Temp Flag,Min Temp (°C),Min Temp Flag,Mean Temp (°C),Mean Temp Flag,Heat Deg Days (°C),Heat Deg Days Flag,Cool Deg Days (°C),Cool Deg Days Flag,Total Rain (mm),Total Rain Flag,Total Snow (cm),Total Snow Flag,Total Precip (mm),Total Precip Flag,Snow on Grnd (cm),Snow on Grnd Flag,Dir of Max Gust (10s deg),Dir of Max Gust Flag,Spd of Max Gust (km/h),Spd of Max Gust Flag
-99.29,49.28,BALDUR,5010140,1/1/2019,2019,1,1,†,-5,,-29.5,,-17.3,,35.3,,0,,0,,0,,0,,0,,,,,
-99.29,49.28,BALDUR,5010140,1/2/2019,2019,1,2,†,-0.5,,-22,,-11.3,,29.3,,0,,0,,0,,0,,0,,,,,
-99.29,49.28,BALDUR,5010140,1/3/2019,2019,1,3,†,2.5,,-7.5,,-2.5,,20.5,,0,,0,,0,,0,,0,,,,,
-99.29,49.28,BALDUR,5010140,1/4/2019,2019,1,4,†,0,,-10,,-5,,23,,0,,0,,0,,0,,0,,,,,
-99.29,49.28,BALDUR,5010140,1/5/2019,2019,1,5,†,0,,-9.5,,-4.8,,22.8,,0,,0,,0,,0,,0,,,,,
-99.29,49.28,BALDUR,5010140,1/6/2019,2019,1,6,†,-0.5,,-13,,-6.8,,24.8,,0,,0,,2,,2,,0,,,,,
-99.29,49.28,BALDUR,5010140,1/7/2019,2019,1,7,†,0.5,,-12.5,,-6,,24,,0,,0,,3,,3,,0,,,,,
-99.29,49.28,BALDUR,5010140,1/8/2019,2019,1,8,†,-13,,-15.5,,-14.3,,32.3,,0,,0,,0,,0,,0,,,,,
-99.29,49.28,BALDUR,5010140,1/9/2019,2019,1,9,†,-15.5,,-25,,-20.3,,38.3,,0,,0,,0,,0,,0,,,,,
-99.29,49.28,BALDUR,5010140,1/10/2019,2019,1,10,†,-12,,-20.5,,-16.3,,34.3,,0,,0,,0,T,0,T,0,,,,,
-99.29,49.28,BALDUR,5010140,1/11/2019,2019,1,11,†,-11,,-20,,-15.5,,33.5,,0,,0,,0,,0,,0,,,,,
-99.29,49.28,BALDUR,5010140,1/12/2019,2019,1,12,†,-8.5,,-14,,-11.3,,29.3,,0,,0,,0,,0,,0,,,,,
-99.29,49.28,BALDUR,5010140,1/13/2019,2019,1,13,†,-6,,-13,,-9.5,,27.5,,0,,0,,0,,0,,0,,,,,
-99.29,49.28,BALDUR,5010140,1/14/2019,2019,1,14,†,-4.5,,-13.5,,-9,,27,,0,,0,,0,,0,,0,,,,,
-99.29,49.28,BALDUR,5010140,1/15/2019,2019,1,15,†,-4,,-11,,-7.5,,25.5,,0,,0,,0,,0,,0,,,,,
-99.29,49.28,BALDUR,5010140,1/16/2019,2019,1,16,†,-16,,-28,,-22,,40,,0,,0,,0,,0,,0,,,,,
-99.29,49.28,BALDUR,5010140,1/17/2019,2019,1,17,†,-14,,-28,,-21,,39,,0,,0,,0,,0,,0,,,,,
-99.29,49.28,BALDUR,5010140,1/18/2019,2019,1,18,†,-23,,-29,,-26,,44,,0,,0,,0,,0,,0,,,,,
-99.29,49.28,BALDUR,5010140,1/19/2019,2019,1,19,†,-23,,-33,,-28,,46,,0,,0,,0,,0,,0,,,,,
-99.29,49.28,BALDUR,5010140,1/20/2019,2019,1,20,†,-17,,-31.5,,-24.3,,42.3,,0,,0,,0,,0,,0,,,,,
-99.29,49.28,BALDUR,5010140,1/21/2019,2019,1,21,†,-12.5,,-31.5,,-22,,40,,0,,0,,0,T,0,T,0,,,,,
-99.29,49.28,BALDUR,5010140,1/22/2019,2019,1,22,†,-10.5,,-17,,-13.8,,31.8,,0,,0,,0,,0,,0,,,,,
-99.29,49.28,BALDUR,5010140,1/23/2019,2019,1,23,†,-8,,-17.5,,-12.8,,30.8,,0,,0,,1,,1,,0,,,,,
-99.29,49.28,BALDUR,5010140,1/24/2019,2019,1,24,†,-22,,-27,,-24.5,,42.5,,0,,0,,0,,0,,0,,,,,
-99.29,49.28,BALDUR,5010140,1/25/2019,2019,1,25,†,-21,,-33,,-27,,45,,0,,0,,0,T,0,T,0,,,,,
-99.29,49.28,BALDUR,5010140,1/26/2019,2019,1,26,†,-20,,-30,,-25,,43,,0,,0,,0,T,0,T,0,,,,,
-99.29,49.28,BALDUR,5010140,1/27/2019,2019,1,27,†,-16,,-30,,-23,,41,,0,,0,,8,,8,,0,,,,,
-99.29,49.28,BALDUR,5010140,1/28/2019,2019,1,28,†,-14.5,,-25.5,,-20,,38,,0,,0,,0,T,0,T,0,,,,,
-99.29,49.28,BALDUR,5010140,1/29/2019,2019,1,29,†,-29,,-37,,-33,,51,,0,,0,,0,,0,,0,,,,,
-99.29,49.28,BALDUR,5010140,1/30/2019,2019,1,30,†,-26.5,,-39.5,,-33,,51,,0,,0,,0,T,0,T,0,,,,,
-99.29,49.28,BALDUR,5010140,1/31/2019,2019,1,31,†,-13,,-35,,-24,,42,,0,,0,,0,,0,,0,,,,,
-99.29,49.28,BALDUR,5010140,2/1/2019,2019,2,1,†,-5,,-27,,-16,,34,,0,,0,,0,T,0,T,0,,,,,
-99.29,49.28,BALDUR,5010140,2/2/2019,2019,2,2,†,-16.5,,-20.5,,-18.5,,36.5,,0,,0,,0,,0,,0,,,,,
-99.29,49.28,BALDUR,5010140,2/3/2019,2019,2,3,†,-23,,-25,,-24,,42,,0,,0,,20,,20,,0,,,,,
-99.29,49.28,BALDUR,5010140,2/4/2019,2019,2,4,†,-22,,-27,,-24.5,,42.5,,0,,0,,0,,0,,0,,,,,
-99.29,49.28,BALDUR,5010140,2/5/2019,2019,2,5,†,-22,,-32,,-27,,45,,0,,0,,10,,10,,0,,,,,
-99.29,49.28,BALDUR,5010140,2/6/2019,2019,2,6,†,-20,,-30,,-25,,43,,0,,0,,0,,0,,0,,,,,
-99.29,49.28,BALDUR,5010140,2/7/2019,2019,2,7,†,-22,,-28,,-25,,43,,0,,0,,0,,0,,0,,,,,
-99.29,49.28,BALDUR,5010140,2/8/2019,2019,2,8,†,-27,,-37,,-32,,50,,0,,0,,0,,0,,0,,,,,
-99.29,49.28,BALDUR,5010140,2/9/2019,2019,2,9,†,-21.5,,-36.5,,-29,,47,,0,,0,,0,,0,,0,,,,,
-99.29,49.28,BALDUR,5010140,2/10/2019,2019,2,10,†,-19.5,,-35,,-27.3,,45.3,,0,,0,,0,T,0,T,0,,,,,
-99.29,49.28,BALDUR,5010140,2/11/2019,2019,2,11,†,-13.5,,-30.5,,-22,,40,,0,,0,,9,,9,,0,,,,,
-99.29,49.28,BALDUR,5010140,2/12/2019,2019,2,12,†,-14,,-25.5,,-19.8,,37.8,,0,,0,,0,,0,,0,,,,,
-99.29,49.28,BALDUR,5010140,2/13/2019,2019,2,13,†,-16,,-25.5,,-20.8,,38.8,,0,,0,,2,,2,,0,,,,,
-99.29,49.28,BALDUR,5010140,2/14/2019,2019,2,14,†,-16,,-26,,-21,,39,,0,,0,,0,,0,,0,,,,,
-99.29,49.28,BALDUR,5010140,2/15/2019,2019,2,15,†,-14.5,,-32,,-23.3,,41.3,,0,,0,,0,,0,,0,,,,,
-99.29,49.28,BALDUR,5010140,2/16/2019,2019,2,16,†,-12,,-28,,-20,,38,,0,,0,,0,,0,,0,,,,,
-99.29,49.28,BALDUR,5010140,2/17/2019,2019,2,17,†,-12,,-29.5,,-20.8,,38.8,,0,,0,,0,,0,,0,,,,,
-99.29,49.28,BALDUR,5010140,2/18/2019,2019,2,18,†,-15.5,,-28,,-21.8,,39.8,,0,,0,,0,,0,,0,,,,,
-99.29,49.28,BALDUR,5010140,2/19/2019,2019,2,19,†,-14.5,,-27.5,,-21,,39,,0,,0,,0,T,0,T,0,,,,,
-99.29,49.28,BALDUR,5010140,2/20/2019,2019,2,20,†,-9.5,,-26,,-17.8,,35.8,,0,,0,,0,,0,,0,,,,,
-99.29,49.28,BALDUR,5010140,2/21/2019,2019,2,21,†,-11.5,,-18,,-14.8,,32.8,,0,,0,,1.6,,1.6,,0,,,,,
-99.29,49.28,BALDUR,5010140,2/22/2019,2019,2,22,†,-11,,-23.5,,-17.3,,35.3,,0,,0,,0,T,0,T,0,,,,,
-99.29,49.28,BALDUR,5010140,2/23/2019,2019,2,23,†,-8,,-21,,-14.5,,32.5,,0,,0,,2,,2,,0,,,,,
-99.29,49.28,BALDUR,5010140,2/24/2019,2019,2,24,†,-18,,-21,,-19.5,,37.5,,0,,0,,0,,0,,0,,,,,
-99.29,49.28,BALDUR,5010140,2/25/2019,2019,2,25,†,-19.5,,-34.5,,-27,,45,,0,,0,,0,,0,,0,,,,,
-99.29,49.28,BALDUR,5010140,2/26/2019,2019,2,26,†,-17,,-32,,-24.5,,42.5,,0,,0,,0,T,0,T,0,,,,,
-99.29,49.28,BALDUR,5010140,2/27/2019,2019,2,27,†,-14,,-24.5,,-19.3,,37.3,,0,,0,,0,,0,,0,,,,,
-99.29,49.28,BALDUR,5010140,2/28/2019,2019,2,28,†,-9.5,,-21.5,,-15.5,,33.5,,0,,0,,0,,0,,0,,,,,
-99.29,49.28,BALDUR,5010140,3/1/2019,2019,3,1,†,-12.5,,-18,,-15.3,,33.3,,0,,0,,0,T,0,T,0,,,,,
-99.29,49.28,BALDUR,5010140,3/2/2019,2019,3,2,†,-21.5,,-28.5,,-25,,43,,0,,0,,0,,0,,0,,,,,
-99.29,49.28,BALDUR,5010140,3/3/2019,2019,3,3,†,-16,,-28.5,,-22.3,,40.3,,0,,0,,0,,0,,0,,,,,
-99.29,49.28,BALDUR,5010140,3/4/2019,2019,3,4,†,-17,,-26,,-21.5,,39.5,,0,,0,,2,,2,,0,,,,,
-99.29,49.28,BALDUR,5010140,3/5/2019,2019,3,5,†,-7.5,,-21,,-14.3,,32.3,,0,,0,,0,,0,,0,,,,,
-99.29,49.28,BALDUR,5010140,3/6/2019,2019,3,6,†,-11,,-22,,-16.5,,34.5,,0,,0,,0,,0,,0,,,,,
-99.29,49.28,BALDUR,5010140,3/7/2019,2019,3,7,†,-10,,-28.5,,-19.3,,37.3,,0,,0,,0,,0,,0,,,,,
-99.29,49.28,BALDUR,5010140,3/8/2019,2019,3,8,†,-5,,-20,,-12.5,,30.5,,0,,0,,0,,0,,0,,,,,
-99.29,49.28,BALDUR,5010140,3/9/2019,2019,3,9,†,-4.5,,-11,,-7.8,,25.8,,0,,0,,0,,0,,0,,,,,
-99.29,49.28,BALDUR,5010140,3/10/2019,2019,3,10,†,-7,,-19,,-13,,31,,0,,0,,0,,0,,0,,,,,
-99.29,49.28,BALDUR,5010140,3/11/2019,2019,3,11,†,-4.5,,-22,,-13.3,,31.3,,0,,0,,0,,0,,0,,,,,
-99.29,49.28,BALDUR,5010140,3/12/2019,2019,3,12,†,0.5,,-19,,-9.3,,27.3,,0,,0,,0,,0,,0,,,,,
-99.29,49.28,BALDUR,5010140,3/13/2019,2019,3,13,†,-1,,-10.5,,-5.8,,23.8,,0,,0,,0,,0,,0,,,,,
-99.29,49.28,BALDUR,5010140,3/14/2019,2019,3,14,†,-1.5,,-9,,-5.3,,23.3,,0,,0,,0,,0,,0,,,,,
-99.29,49.28,BALDUR,5010140,3/15/2019,2019,3,15,†,-1.5,,-11,,-6.3,,24.3,,0,,0,,0,,0,,0,,,,,
-99.29,49.28,BALDUR,5010140,3/16/2019,2019,3,16,†,1,,-19.5,,-9.3,,27.3,,0,,0,,0,,0,,0,,,,,
-99.29,49.28,BALDUR,5010140,3/17/2019,2019,3,17,†,1.5,,-16,,-7.3,,25.3,,0,,0,,0,,0,,0,,,,,
-99.29,49.28,BALDUR,5010140,3/18/2019,2019,3,18,†,-1.5,,-10.5,,-6,,24,,0,,0,,0,,0,,0,,,,,
-99.29,49.28,BALDUR,5010140,3/19/2019,2019,3,19,†,3.5,,-10,,-3.3,,21.3,,0,,0,,0,,0,,0,,,,,
-99.29,49.28,BALDUR,5010140,3/20/2019,2019,3,20,†,5.5,,-6.5,,-0.5,,18.5,,0,,0,,0,,0,,0,,,,,
-99.29,49.28,BALDUR,5010140,3/21/2019,2019,3,21,†,7.5,,-1,,3.3,,14.7,,0,,0,,0,,0,,0,,,,,
-99.29,49.28,BALDUR,5010140,3/22/2019,2019,3,22,†,4.5,,-9.5,,-2.5,,20.5,,0,,0,,0,,0,,0,,,,,
-99.29,49.28,BALDUR,5010140,3/23/2019,2019,3,23,†,9,,-8.5,,0.3,,17.7,,0,,0,,0,,0,,0,,,,,
-99.29,49.28,BALDUR,5010140,3/24/2019,2019,3,24,†,-4.5,,-10,,-7.3,,25.3,,0,,0,,0,,0,,0,,,,,
-99.29,49.28,BALDUR,5010140,3/25/2019,2019,3,25,†,-1,,-13.5,,-7.3,,25.3,,0,,0,,0,,0,,0,,,,,
-99.29,49.28,BALDUR,5010140,3/26/2019,2019,3,26,†,2.5,,-9,,-3.3,,21.3,,0,,0,,0,,0,,0,,,,,
-99.29,49.28,BALDUR,5010140,3/27/2019,2019,3,27,†,6,,-1.5,,2.3,,15.7,,0,,0,,0,,0,,0,,,,,
-99.29,49.28,BALDUR,5010140,3/28/2019,2019,3,28,†,3,,-3,,0,,18,,0,,0,,0,,0,,0,,,,,
-99.29,49.28,BALDUR,5010140,3/29/2019,2019,3,29,†,5.5,,-4,,0.8,,17.2,,0,,0,,0,,0,,0,,,,,
-99.29,49.28,BALDUR,5010140,3/30/2019,2019,3,30,†,2,,-10,,-4,,22,,0,,0,,0,T,0,T,0,,,,,
-99.29,49.28,BALDUR,5010140,3/31/2019,2019,3,31,†,2.5,,-8,,-2.8,,20.8,,0,,0,,0,,0,,0,,,,,
-99.29,49.28,BALDUR,5010140,4/1/2019,2019,4,1,†,7,,-4,,1.5,,16.5,,0,,0,,0,,0,,0,,,,,
-99.29,49.28,BALDUR,5010140,4/2/2019,2019,4,2,†,1.5,,-3,,-0.8,,18.8,,0,,0,,0,,0,,0,,,,,
-99.29,49.28,BALDUR,5010140,4/3/2019,2019,4,3,†,3,,-8.5,,-2.8,,20.8,,0,,0,,0,,0,,0,,,,,
-99.29,49.28,BALDUR,5010140,4/4/2019,2019,4,4,†,7,,-8,,-0.5,,18.5,,0,,0,,0,,0,,0,,,,,
-99.29,49.28,BALDUR,5010140,4/5/2019,2019,4,5,†,1,,-2,,-0.5,,18.5,,0,,0,,0,,0,,0,,,,,
-99.29,49.28,BALDUR,5010140,4/6/2019,2019,4,6,†,3,,-2.5,,0.3,,17.7,,0,,3.8,,0,,3.8,,0,,,,,
-99.29,49.28,BALDUR,5010140,4/7/2019,2019,4,7,†,15,,-2.5,,6.3,,11.7,,0,,0,T,0,,0,T,0,,,,,
-99.29,49.28,BALDUR,5010140,4/8/2019,2019,4,8,†,10.5,,-1,,4.8,,13.2,,0,,0,,0,,0,,0,,,,,
-99.29,49.28,BALDUR,5010140,4/9/2019,2019,4,9,†,-1,,-6.5,,-3.8,,21.8,,0,,0,,0,,0,,0,,,,,
-99.29,49.28,BALDUR,5010140,4/10/2019,2019,4,10,†,1,,-9,,-4,,22,,0,,0,,0,,0,,0,,,,,
-99.29,49.28,BALDUR,5010140,4/11/2019,2019,4,11,†,4,,-8,,-2,,20,,0,,0,,0,,0,,0,,,,,
-99.29,49.28,BALDUR,5010140,4/12/2019,2019,4,12,†,4,,-4.5,,-0.3,,18.3,,0,,0,,0,,0,,0,,,,,
-99.29,49.28,BALDUR,5010140,4/13/2019,2019,4,13,†,11,,-8,,1.5,,16.5,,0,,0,,0,,0,,0,,,,,
-99.29,49.28,BALDUR,5010140,4/14/2019,2019,4,14,†,9.5,,-7,,1.3,,16.7,,0,,0,T,0,,0,T,0,,,,,
-99.29,49.28,BALDUR,5010140,4/15/2019,2019,4,15,†,13,,-3.5,,4.8,,13.2,,0,,0,,0,,0,,0,,,,,
-99.29,49.28,BALDUR,5010140,4/16/2019,2019,4,16,†,16,,-1,,7.5,,10.5,,0,,0,,0,,0,,0,,,,,
-99.29,49.28,BALDUR,5010140,4/17/2019,2019,4,17,†,11,,1.5,,6.3,,11.7,,0,,0,T,0,,0,T,0,,,,,
-99.29,49.28,BALDUR,5010140,4/18/2019,2019,4,18,†,14,,-0.5,,6.8,,11.2,,0,,0,,0,,0,,0,,,,,
-99.29,49.28,BALDUR,5010140,4/19/2019,2019,4,19,†,23,,0.5,,11.8,,6.2,,0,,2.2,,0,,2.2,,0,,,,,
-99.29,49.28,BALDUR,5010140,4/20/2019,2019,4,20,†,14.5,,5.5,,10,,8,,0,,0,,0,,0,,0,,,,,
-99.29,49.28,BALDUR,5010140,4/21/2019,2019,4,21,†,18,,2,,10,,8,,0,,0,,0,,0,,0,,,,,
-99.29,49.28,BALDUR,5010140,4/22/2019,2019,4,22,†,17,,-2.5,,7.3,,10.7,,0,,0,,0,,0,,0,,,,,
-99.29,49.28,BALDUR,5010140,4/23/2019,2019,4,23,†,19,,1,,10,,8,,0,,0,,0,,0,,0,,,,,
-99.29,49.28,BALDUR,5010140,4/24/2019,2019,4,24,†,21,,4,,12.5,,5.5,,0,,0,,0,,0,,0,,,,,
-99.29,49.28,BALDUR,5010140,4/25/2019,2019,4,25,†,13.5,,0.5,,7,,11,,0,,0,,0,,0,,0,,,,,
-99.29,49.28,BALDUR,5010140,4/26/2019,2019,4,26,†,13,,-5.5,,3.8,,14.2,,0,,0,,0,,0,,0,,,,,
-99.29,49.28,BALDUR,5010140,4/27/2019,2019,4,27,†,11,,-4,,3.5,,14.5,,0,,0,,0,,0,,0,,,,,
-99.29,49.28,BALDUR,5010140,4/28/2019,2019,4,28,†,6,,-1.5,,2.3,,15.7,,0,,0,,6.8,,6.8,,0,,,,,
-99.29,49.28,BALDUR,5010140,4/29/2019,2019,4,29,†,6.5,,3,,4.8,,13.2,,0,,0,,0,,0,,0,,,,,
-99.29,49.28,BALDUR,5010140,4/30/2019,2019,4,30,†,7,,-4,,1.5,,16.5,,0,,0,,0,,0,,0,,,,,
-99.29,49.28,BALDUR,5010140,5/1/2019,2019,5,1,†,8,,-5.5,,1.3,,16.7,,0,,0,,0,,0,,0,,,,,
-99.29,49.28,BALDUR,5010140,5/2/2019,2019,5,2,†,13.5,,-4,,4.8,,13.2,,0,,0,,0,,0,,0,,,,,
-99.29,49.28,BALDUR,5010140,5/3/2019,2019,5,3,†,15.5,,-1.5,,7,,11,,0,,0,,0,,0,,0,,,,,
-99.29,49.28,BALDUR,5010140,5/4/2019,2019,5,4,†,11.5,,-0.5,,5.5,,12.5,,0,,0,,0,,0,,0,,,,,
-99.29,49.28,BALDUR,5010140,5/5/2019,2019,5,5,†,8.5,,-7,,0.8,,17.2,,0,,0,,0,,0,,0,,,,,
-99.29,49.28,BALDUR,5010140,5/6/2019,2019,5,6,†,8,,-6.5,,0.8,,17.2,,0,,0,,0,,0,,0,,,,,
-99.29,49.28,BALDUR,5010140,5/7/2019,2019,5,7,†,13,,-4,,4.5,,13.5,,0,,0,,0,,0,,0,,,,,
-99.29,49.28,BALDUR,5010140,5/8/2019,2019,5,8,†,12.5,,-0.5,,6,,12,,0,,0,,0,,0,,0,,,,,
-99.29,49.28,BALDUR,5010140,5/9/2019,2019,5,9,†,12,,-8,,2,,16,,0,,0,,0,,0,,0,,,,,
-99.29,49.28,BALDUR,5010140,5/10/2019,2019,5,10,†,17,,-2,,7.5,,10.5,,0,,0,,0,,0,,0,,,,,
-99.29,49.28,BALDUR,5010140,5/11/2019,2019,5,11,†,17.5,,3.5,,10.5,,7.5,,0,,0,,0,,0,,0,,,,,
-99.29,49.28,BALDUR,5010140,5/12/2019,2019,5,12,†,18,,-1,,8.5,,9.5,,0,,0,,0,,0,,0,,,,,
-99.29,49.28,BALDUR,5010140,5/13/2019,2019,5,13,†,25.5,,5.5,,15.5,,2.5,,0,,0,,0,,0,,0,,,,,
-99.29,49.28,BALDUR,5010140,5/14/2019,2019,5,14,†,20,,7,,13.5,,4.5,,0,,0,,0,,0,,0,,,,,
-99.29,49.28,BALDUR,5010140,5/15/2019,2019,5,15,†,19.5,,4.5,,12,,6,,0,,13.8,,0,,13.8,,0,,,,,
-99.29,49.28,BALDUR,5010140,5/16/2019,2019,5,16,†,13.5,,4,,8.8,,9.2,,0,,0,,0,,0,,0,,,,,
-99.29,49.28,BALDUR,5010140,5/17/2019,2019,5,17,†,14.5,,-4,,5.3,,12.7,,0,,0,,0,,0,,0,,,,,
-99.29,49.28,BALDUR,5010140,5/18/2019,2019,5,18,†,10,,-2,,4,,14,,0,,0,,0,,0,,0,,,,,
-99.29,49.28,BALDUR,5010140,5/19/2019,2019,5,19,†,13,,-2.5,,5.3,,12.7,,0,,0,,0,,0,,0,,,,,
-99.29,49.28,BALDUR,5010140,5/20/2019,2019,5,20,†,19,,-1.5,,8.8,,9.2,,0,,0,,0,,0,,0,,,,,
-99.29,49.28,BALDUR,5010140,5/21/2019,2019,5,21,†,21,,1,,11,,7,,0,,0,,0,,0,,0,,,,,
-99.29,49.28,BALDUR,5010140,5/22/2019,2019,5,22,†,12.5,,5,,8.8,,9.2,,0,,0.8,,0,,0.8,,0,,,,,
-99.29,49.28,BALDUR,5010140,5/23/2019,2019,5,23,†,20,,2,,11,,7,,0,,0,,0,,0,,0,,,,,
-99.29,49.28,BALDUR,5010140,5/24/2019,2019,5,24,†,13,,5,,9,,9,,0,,14.2,,0,,14.2,,0,,,,,
-99.29,49.28,BALDUR,5010140,5/25/2019,2019,5,25,†,19.5,,5,,12.3,,5.7,,0,,3.6,,0,,3.6,,0,,,,,
-99.29,49.28,BALDUR,5010140,5/26/2019,2019,5,26,†,7.5,,3,,5.3,,12.7,,0,,0,,0,,0,,0,,,,,
-99.29,49.28,BALDUR,5010140,5/27/2019,2019,5,27,†,16,,-3,,6.5,,11.5,,0,,0,,0,,0,,0,,,,,
-99.29,49.28,BALDUR,5010140,5/28/2019,2019,5,28,†,25.5,,-2,,11.8,,6.2,,0,,0,,0,,0,,0,,,,,
-99.29,49.28,BALDUR,5010140,5/29/2019,2019,5,29,†,28.5,,3.5,,16,,2,,0,,0,,0,,0,,0,,,,,
-99.29,49.28,BALDUR,5010140,5/30/2019,2019,5,30,†,31.5,,11,,21.3,,0,,3.3,,0,,0,,0,,0,,,,,
-99.29,49.28,BALDUR,5010140,5/31/2019,2019,5,31,†,15.5,,5.5,,10.5,,7.5,,0,,0,,0,,0,,0,,,,,
-99.29,49.28,BALDUR,5010140,6/1/2019,2019,6,1,†,21,,2,,11.5,,6.5,,0,,0,,0,,0,,0,,,,,
-99.29,49.28,BALDUR,5010140,6/2/2019,2019,6,2,†,20,,1.5,,10.8,,7.2,,0,,0,,0,,0,,0,,,,,
-99.29,49.28,BALDUR,5010140,6/3/2019,2019,6,3,†,31,,2,,16.5,,1.5,,0,,0,,0,,0,,0,,,,,
-99.29,49.28,BALDUR,5010140,6/4/2019,2019,6,4,†,27,,10,,18.5,,0,,0.5,,0,,0,,0,,0,,,,,
-99.29,49.28,BALDUR,5010140,6/5/2019,2019,6,5,†,27,,7,,17,,1,,0,,0,T,0,,0,T,0,,,,,
-99.29,49.28,BALDUR,5010140,6/6/2019,2019,6,6,†,26.5,,7,,16.8,,1.2,,0,,0,,0,,0,,0,,,,,
-99.29,49.28,BALDUR,5010140,6/7/2019,2019,6,7,†,33.5,,7,,20.3,,0,,2.3,,0.4,,0,,0.4,,0,,,,,
-99.29,49.28,BALDUR,5010140,6/8/2019,2019,6,8,†,17.5,,13.5,,15.5,,2.5,,0,,4.4,,0,,4.4,,0,,,,,
-99.29,49.28,BALDUR,5010140,6/9/2019,2019,6,9,†,19.5,,5.5,,12.5,,5.5,,0,,2,,0,,2,,0,,,,,
-99.29,49.28,BALDUR,5010140,6/10/2019,2019,6,10,†,19,,3.5,,11.3,,6.7,,0,,0,,0,,0,,0,,,,,
-99.29,49.28,BALDUR,5010140,6/11/2019,2019,6,11,†,18,,7,,12.5,,5.5,,0,,0,,0,,0,,0,,,,,
-99.29,49.28,BALDUR,5010140,6/12/2019,2019,6,12,†,21,,4,,12.5,,5.5,,0,,0,,0,,0,,0,,,,,
-99.29,49.28,BALDUR,5010140,6/13/2019,2019,6,13,†,24,,6.5,,15.3,,2.7,,0,,0,,0,,0,,0,,,,,
-99.29,49.28,BALDUR,5010140,6/14/2019,2019,6,14,†,27,,10.5,,18.8,,0,,0.8,,6.4,,0,,6.4,,0,,,,,
-99.29,49.28,BALDUR,5010140,6/15/2019,2019,6,15,†,10.5,,9,,9.8,,8.2,,0,,26.2,,0,,26.2,,0,,,,,
-99.29,49.28,BALDUR,5010140,6/16/2019,2019,6,16,†,12.5,,8,,10.3,,7.7,,0,,0,,0,,0,,0,,,,,
-99.29,49.28,BALDUR,5010140,6/17/2019,2019,6,17,†,18,,8.5,,13.3,,4.7,,0,,0.8,,0,,0.8,,0,,,,,
-99.29,49.28,BALDUR,5010140,6/18/2019,2019,6,18,†,21,,5,,13,,5,,0,,0,,0,,0,,0,,,,,
-99.29,49.28,BALDUR,5010140,6/19/2019,2019,6,19,†,23,,5,,14,,4,,0,,0,,0,,0,,0,,,,,
-99.29,49.28,BALDUR,5010140,6/20/2019,2019,6,20,†,21.5,,7,,14.3,,3.7,,0,,1.2,,0,,1.2,,0,,,,,
-99.29,49.28,BALDUR,5010140,6/21/2019,2019,6,21,†,,M,10,,,M,,M,,M,,,,,,,0,,,,,
-99.29,49.28,BALDUR,5010140,6/22/2019,2019,6,22,†,21.5,,,M,,M,,M,,M,0,,0,,0,,,,,,,
-99.29,49.28,BALDUR,5010140,6/23/2019,2019,6,23,†,21.5,,9.5,,15.5,,2.5,,0,,0,,0,,0,,0,,,,,
-99.29,49.28,BALDUR,5010140,6/24/2019,2019,6,24,†,24,,10,,17,,1,,0,,0,,0,,0,,0,,,,,
-99.29,49.28,BALDUR,5010140,6/25/2019,2019,6,25,†,23,,12,,17.5,,0.5,,0,,0,,0,,0,,0,,,,,
-99.29,49.28,BALDUR,5010140,6/26/2019,2019,6,26,†,25.5,,9,,17.3,,0.7,,0,,0,,0,,0,,0,,,,,
-99.29,49.28,BALDUR,5010140,6/27/2019,2019,6,27,†,26.5,,11,,18.8,,0,,0.8,,0,,0,,0,,0,,,,,
-99.29,49.28,BALDUR,5010140,6/28/2019,2019,6,28,†,26,,13.5,,19.8,,0,,1.8,,0,,0,,0,,0,,,,,
-99.29,49.28,BALDUR,5010140,6/29/2019,2019,6,29,†,26,,13.5,,19.8,,0,,1.8,,10.2,,0,,10.2,,0,,,,,
-99.29,49.28,BALDUR,5010140,6/30/2019,2019,6,30,†,26.5,,10.5,,18.5,,0,,0.5,,0,,0,,0,,0,,,,,
-99.29,49.28,BALDUR,5010140,7/1/2019,2019,7,1,†,26.5,,11,,18.8,,0,,0.8,,5,,0,,5,,0,,,,,
-99.29,49.28,BALDUR,5010140,7/2/2019,2019,7,2,†,21.5,,13.5,,17.5,,0.5,,0,,0,,0,,0,,0,,,,,
-99.29,49.28,BALDUR,5010140,7/3/2019,2019,7,3,†,18.5,,10.5,,14.5,,3.5,,0,,0,,0,,0,,0,,,,,
-99.29,49.28,BALDUR,5010140,7/4/2019,2019,7,4,†,23,,9.5,,16.3,,1.7,,0,,0,,0,,0,,0,,,,,
-99.29,49.28,BALDUR,5010140,7/5/2019,2019,7,5,†,23.5,,10.5,,17,,1,,0,,0,,0,,0,,0,,,,,
-99.29,49.28,BALDUR,5010140,7/6/2019,2019,7,6,†,24,,6.5,,15.3,,2.7,,0,,0,,0,,0,,0,,,,,
-99.29,49.28,BALDUR,5010140,7/7/2019,2019,7,7,†,26.5,,9.5,,18,,0,,0,,0,,0,,0,,0,,,,,
-99.29,49.28,BALDUR,5010140,7/8/2019,2019,7,8,†,29,,15.5,,22.3,,0,,4.3,,1.6,,0,,1.6,,0,,,,,
-99.29,49.28,BALDUR,5010140,7/9/2019,2019,7,9,†,20,,15,,17.5,,0.5,,0,,29.4,,0,,29.4,,0,,,,,
-99.29,49.28,BALDUR,5010140,7/10/2019,2019,7,10,†,,M,15,,,M,,M,,M,0,,0,,0,,0,,,,,
-99.29,49.28,BALDUR,5010140,7/11/2019,2019,7,11,†,28,,,M,,M,,M,,M,0,,0,,0,,0,,,,,
-99.29,49.28,BALDUR,5010140,7/12/2019,2019,7,12,†,24.5,,13.5,,19,,0,,1,,0,,0,,0,,0,,,,,
-99.29,49.28,BALDUR,5010140,7/13/2019,2019,7,13,†,27.5,,11,,19.3,,0,,1.3,,25,,0,,25,,0,,,,,
-99.29,49.28,BALDUR,5010140,7/14/2019,2019,7,14,†,29,,13,,21,,0,,3,,0,,0,,0,,0,,,,,
-99.29,49.28,BALDUR,5010140,7/15/2019,2019,7,15,†,26.5,,19,,22.8,,0,,4.8,,0,,0,,0,,0,,,,,
-99.29,49.28,BALDUR,5010140,7/16/2019,2019,7,16,†,25,,12,,18.5,,0,,0.5,,0,,0,,0,,0,,,,,
-99.29,49.28,BALDUR,5010140,7/17/2019,2019,7,17,†,25.5,,13,,19.3,,0,,1.3,,20.6,,0,,20.6,,0,,,,,
-99.29,49.28,BALDUR,5010140,7/18/2019,2019,7,18,†,25.5,,14,,19.8,,0,,1.8,,2,,0,,2,,0,,,,,
-99.29,49.28,BALDUR,5010140,7/19/2019,2019,7,19,†,22.5,,12.5,,17.5,,0.5,,0,,0,,0,,0,,0,,,,,
-99.29,49.28,BALDUR,5010140,7/20/2019,2019,7,20,†,23,,10.5,,16.8,,1.2,,0,,0,,0,,0,,0,,,,,
-99.29,49.28,BALDUR,5010140,7/21/2019,2019,7,21,†,22.5,,8,,15.3,,2.7,,0,,0,,0,,0,,0,,,,,
-99.29,49.28,BALDUR,5010140,7/22/2019,2019,7,22,†,25,,9,,17,,1,,0,,0,,0,,0,,0,,,,,
-99.29,49.28,BALDUR,5010140,7/23/2019,2019,7,23,†,24,,10,,17,,1,,0,,0,,0,,0,,0,,,,,
-99.29,49.28,BALDUR,5010140,7/24/2019,2019,7,24,†,27.5,,13,,20.3,,0,,2.3,,0,,0,,0,,0,,,,,
-99.29,49.28,BALDUR,5010140,7/25/2019,2019,7,25,†,24.5,,15.5,,20,,0,,2,,0,,0,,0,,0,,,,,
-99.29,49.28,BALDUR,5010140,7/26/2019,2019,7,26,†,29,,13.5,,21.3,,0,,3.3,,0,,0,,0,,0,,,,,
-99.29,49.28,BALDUR,5010140,7/27/2019,2019,7,27,†,25,,12.5,,18.8,,0,,0.8,,0,,0,,0,,0,,,,,
-99.29,49.28,BALDUR,5010140,7/28/2019,2019,7,28,†,25,,11.5,,18.3,,0,,0.3,,0,,0,,0,,0,,,,,
-99.29,49.28,BALDUR,5010140,7/29/2019,2019,7,29,†,21,,10,,15.5,,2.5,,0,,0,,0,,0,,0,,,,,
-99.29,49.28,BALDUR,5010140,7/30/2019,2019,7,30,†,23.5,,5,,14.3,,3.7,,0,,0,,0,,0,,0,,,,,
-99.29,49.28,BALDUR,5010140,7/31/2019,2019,7,31,†,29,,7,,18,,0,,0,,0,,0,,0,,0,,,,,
-99.29,49.28,BALDUR,5010140,8/1/2019,2019,8,1,†,29.5,,13.5,,21.5,,0,,3.5,,0,,0,,0,,0,,,,,
-99.29,49.28,BALDUR,5010140,8/2/2019,2019,8,2,†,30,,14,,22,,0,,4,,0,,0,,0,,0,,,,,
-99.29,49.28,BALDUR,5010140,8/3/2019,2019,8,3,†,29,,15,,22,,0,,4,,0,,0,,0,,0,,,,,
-99.29,49.28,BALDUR,5010140,8/4/2019,2019,8,4,†,28.5,,16,,22.3,,0,,4.3,,0,,0,,0,,0,,,,,
-99.29,49.28,BALDUR,5010140,8/5/2019,2019,8,5,†,27,,11.5,,19.3,,0,,1.3,,0,,0,,0,,0,,,,,
-99.29,49.28,BALDUR,5010140,8/6/2019,2019,8,6,†,30,,11.5,,20.8,,0,,2.8,,0,,0,,0,,0,,,,,
-99.29,49.28,BALDUR,5010140,8/7/2019,2019,8,7,†,22,,9.5,,15.8,,2.2,,0,,0,,0,,0,,0,,,,,
-99.29,49.28,BALDUR,5010140,8/8/2019,2019,8,8,†,23.5,,5,,14.3,,3.7,,0,,0,,0,,0,,0,,,,,
-99.29,49.28,BALDUR,5010140,8/9/2019,2019,8,9,†,27,,5,,16,,2,,0,,0,,0,,0,,0,,,,,
-99.29,49.28,BALDUR,5010140,8/10/2019,2019,8,10,†,22.5,,13,,17.8,,0.2,,0,,0,,0,,0,,0,,,,,
-99.29,49.28,BALDUR,5010140,8/11/2019,2019,8,11,†,24,,7.5,,15.8,,2.2,,0,,0,,0,,0,,0,,,,,
-99.29,49.28,BALDUR,5010140,8/12/2019,2019,8,12,†,15,,8,,11.5,,6.5,,0,,30.2,,0,,30.2,,0,,,,,
-99.29,49.28,BALDUR,5010140,8/13/2019,2019,8,13,†,22,,10.5,,16.3,,1.7,,0,,3.6,,0,,3.6,,0,,,,,
-99.29,49.28,BALDUR,5010140,8/14/2019,2019,8,14,†,23,,7.5,,15.3,,2.7,,0,,0,,0,,0,,0,,,,,
-99.29,49.28,BALDUR,5010140,8/15/2019,2019,8,15,†,25,,10,,17.5,,0.5,,0,,0,,0,,0,,0,,,,,
-99.29,49.28,BALDUR,5010140,8/16/2019,2019,8,16,†,27.5,,8.5,,18,,0,,0,,0,,0,,0,,0,,,,,
-99.29,49.28,BALDUR,5010140,8/17/2019,2019,8,17,†,18.5,,9,,13.8,,4.2,,0,,0,,0,,0,,0,,,,,
-99.29,49.28,BALDUR,5010140,8/18/2019,2019,8,18,†,23,,5,,14,,4,,0,,0,,0,,0,,0,,,,,
-99.29,49.28,BALDUR,5010140,8/19/2019,2019,8,19,†,25.5,,8.5,,17,,1,,0,,0,,0,,0,,0,,,,,
-99.29,49.28,BALDUR,5010140,8/20/2019,2019,8,20,†,22,,8,,15,,3,,0,,0,,0,,0,,0,,,,,
-99.29,49.28,BALDUR,5010140,8/21/2019,2019,8,21,†,22.5,,4.5,,13.5,,4.5,,0,,0,,0,,0,,0,,,,,
-99.29,49.28,BALDUR,5010140,8/22/2019,2019,8,22,†,23,,1.5,,12.3,,5.7,,0,,0,,0,,0,,0,,,,,
-99.29,49.28,BALDUR,5010140,8/23/2019,2019,8,23,†,25,,2,,13.5,,4.5,,0,,0,,0,,0,,0,,,,,
-99.29,49.28,BALDUR,5010140,8/24/2019,2019,8,24,†,27,,10,,18.5,,0,,0.5,,14.6,,0,,14.6,,0,,,,,
-99.29,49.28,BALDUR,5010140,8/25/2019,2019,8,25,†,22.5,,10.5,,16.5,,1.5,,0,,4.8,,0,,4.8,,0,,,,,
-99.29,49.28,BALDUR,5010140,8/26/2019,2019,8,26,†,21.5,,12,,16.8,,1.2,,0,,2.8,,0,,2.8,,0,,,,,
-99.29,49.28,BALDUR,5010140,8/27/2019,2019,8,27,†,15,,10.5,,12.8,,5.2,,0,,2.8,,0,,2.8,,0,,,,,
-99.29,49.28,BALDUR,5010140,8/28/2019,2019,8,28,†,22,,7,,14.5,,3.5,,0,,2,,0,,2,,0,,,,,
-99.29,49.28,BALDUR,5010140,8/29/2019,2019,8,29,†,19.5,,7,,13.3,,4.7,,0,,0,,0,,0,,0,,,,,
-99.29,49.28,BALDUR,5010140,8/30/2019,2019,8,30,†,21,,4,,12.5,,5.5,,0,,0.3,,0,,0.3,,0,,,,,
-99.29,49.28,BALDUR,5010140,8/31/2019,2019,8,31,†,23,,4.5,,13.8,,4.2,,0,,2.2,,0,,2.2,,0,,,,,
-99.29,49.28,BALDUR,5010140,9/1/2019,2019,9,1,†,21,,11,,16,,2,,0,,0,,0,,0,,0,,,,,
-99.29,49.28,BALDUR,5010140,9/2/2019,2019,9,2,†,15,,3.5,,9.3,,8.7,,0,,5.8,,0,,5.8,,0,,,,,
-99.29,49.28,BALDUR,5010140,9/3/2019,2019,9,3,†,14.5,,4,,9.3,,8.7,,0,,0.8,,0,,0.8,,0,,,,,
-99.29,49.28,BALDUR,5010140,9/4/2019,2019,9,4,†,23.5,,4.5,,14,,4,,0,,1.8,,0,,1.8,,0,,,,,
-99.29,49.28,BALDUR,5010140,9/5/2019,2019,9,5,†,23,,6,,14.5,,3.5,,0,,0,,0,,0,,0,,,,,
-99.29,49.28,BALDUR,5010140,9/6/2019,2019,9,6,†,22,,7.5,,14.8,,3.2,,0,,0,,0,,0,,0,,,,,
-99.29,49.28,BALDUR,5010140,9/7/2019,2019,9,7,†,14.5,,5.5,,10,,8,,0,,0,,0,,0,,0,,,,,
-99.29,49.28,BALDUR,5010140,9/8/2019,2019,9,8,†,18,,-1,,8.5,,9.5,,0,,0,,0,,0,,0,,,,,
-99.29,49.28,BALDUR,5010140,9/9/2019,2019,9,9,†,13,,0,,6.5,,11.5,,0,,15.2,,0,,15.2,,0,,,,,
-99.29,49.28,BALDUR,5010140,9/10/2019,2019,9,10,†,13.5,,6,,9.8,,8.2,,0,,1,,0,,1,,0,,,,,
-99.29,49.28,BALDUR,5010140,9/11/2019,2019,9,11,†,13.5,,8,,10.8,,7.2,,0,,0,T,0,,0,T,0,,,,,
-99.29,49.28,BALDUR,5010140,9/12/2019,2019,9,12,†,10,,7,,8.5,,9.5,,0,,14.8,,0,,14.8,,0,,,,,
-99.29,49.28,BALDUR,5010140,9/13/2019,2019,9,13,†,18,,6.5,,12.3,,5.7,,0,,0,,0,,0,,0,,,,,
-99.29,49.28,BALDUR,5010140,9/14/2019,2019,9,14,†,23,,4.5,,13.8,,4.2,,0,,0,,0,,0,,0,,,,,
-99.29,49.28,BALDUR,5010140,9/15/2019,2019,9,15,†,29,,6.5,,17.8,,0.2,,0,,0,,0,,0,,0,,,,,
-99.29,49.28,BALDUR,5010140,9/16/2019,2019,9,16,†,29.5,,8,,18.8,,0,,0.8,,0,,0,,0,,0,,,,,
-99.29,49.28,BALDUR,5010140,9/17/2019,2019,9,17,†,28,,12.5,,20.3,,0,,2.3,,0,,0,,0,,0,,,,,
-99.29,49.28,BALDUR,5010140,9/18/2019,2019,9,18,†,23,,13,,18,,0,,0,,0,,0,,0,,0,,,,,
-99.29,49.28,BALDUR,5010140,9/19/2019,2019,9,19,†,23.5,,7.5,,15.5,,2.5,,0,,3.6,,0,,3.6,,0,,,,,
-99.29,49.28,BALDUR,5010140,9/20/2019,2019,9,20,†,22,,8,,15,,3,,0,,47.2,,0,,47.2,,0,,,,,
-99.29,49.28,BALDUR,5010140,9/21/2019,2019,9,21,†,16,,14.5,,15.3,,2.7,,0,,18,,0,,18,,0,,,,,
-99.29,49.28,BALDUR,5010140,9/22/2019,2019,9,22,†,19,,6.5,,12.8,,5.2,,0,,0,,0,,0,,0,,,,,
-99.29,49.28,BALDUR,5010140,9/23/2019,2019,9,23,†,24,,5.5,,14.8,,3.2,,0,,2.6,,0,,2.6,,0,,,,,
-99.29,49.28,BALDUR,5010140,9/24/2019,2019,9,24,†,20.5,,6,,13.3,,4.7,,0,,1.6,,0,,1.6,,0,,,,,
-99.29,49.28,BALDUR,5010140,9/25/2019,2019,9,25,†,14,,6,,10,,8,,0,,0,,0,,0,,0,,,,,
-99.29,49.28,BALDUR,5010140,9/26/2019,2019,9,26,†,10,,3,,6.5,,11.5,,0,,13.4,,0,,13.4,,0,,,,,
-99.29,49.28,BALDUR,5010140,9/27/2019,2019,9,27,†,10.5,,0,,5.3,,12.7,,0,,0,,0,,0,,0,,,,,
-99.29,49.28,BALDUR,5010140,9/28/2019,2019,9,28,†,10,,-3.5,,3.3,,14.7,,0,,7.2,,0,,7.2,,0,,,,,
-99.29,49.28,BALDUR,5010140,9/29/2019,2019,9,29,†,5,,-2,,1.5,,16.5,,0,,0,,0,,0,,0,,,,,
-99.29,49.28,BALDUR,5010140,9/30/2019,2019,9,30,†,6.5,,1,,3.8,,14.2,,0,,7.4,,0,,7.4,,0,,,,,
-99.29,49.28,BALDUR,5010140,10/1/2019,2019,10,1,†,5,,-1.5,,1.8,,16.2,,0,,0,,0,,0,,0,,,,,
-99.29,49.28,BALDUR,5010140,10/2/2019,2019,10,2,†,5,,-1.5,,1.8,,16.2,,0,,4,,0,,4,,0,,,,,
-99.29,49.28,BALDUR,5010140,10/3/2019,2019,10,3,†,7,,0.5,,3.8,,14.2,,0,,0,,0,,0,,0,,,,,
-99.29,49.28,BALDUR,5010140,10/4/2019,2019,10,4,†,8,,1,,4.5,,13.5,,0,,15,,0,,15,,0,,,,,
-99.29,49.28,BALDUR,5010140,10/5/2019,2019,10,5,†,9,,3,,6,,12,,0,,3.8,,0,,3.8,,0,,,,,
-99.29,49.28,BALDUR,5010140,10/6/2019,2019,10,6,†,14.5,,2.5,,8.5,,9.5,,0,,0,,0,,0,,0,,,,,
-99.29,49.28,BALDUR,5010140,10/7/2019,2019,10,7,†,18,,-1,,8.5,,9.5,,0,,0,,0,,0,,0,,,,,
-99.29,49.28,BALDUR,5010140,10/8/2019,2019,10,8,†,20,,-0.5,,9.8,,8.2,,0,,0,,0,,0,,0,,,,,
-99.29,49.28,BALDUR,5010140,10/9/2019,2019,10,9,†,,M,1.5,,,M,,M,,M,0,,0,,0,,0,,,,,
-99.29,49.28,BALDUR,5010140,10/10/2019,2019,10,10,†,3,,,M,,M,,M,,M,0,,18,,18,,0,,,,,
-99.29,49.28,BALDUR,5010140,10/11/2019,2019,10,11,†,-1.5,,-3,,-2.3,,20.3,,0,,0,,40,,40,,0,,,,,
-99.29,49.28,BALDUR,5010140,10/12/2019,2019,10,12,†,3,,-3,,0,,18,,0,,0,,0,,0,,0,,,,,
-99.29,49.28,BALDUR,5010140,10/13/2019,2019,10,13,†,5,,-3,,1,,17,,0,,0,,0,,0,,0,,,,,
-99.29,49.28,BALDUR,5010140,10/14/2019,2019,10,14,†,3,,-1,,1,,17,,0,,0,,0,,0,,0,,,,,
-99.29,49.28,BALDUR,5010140,10/15/2019,2019,10,15,†,5,,1,,3,,15,,0,,0,,0,,0,,0,,,,,
-99.29,49.28,BALDUR,5010140,10/16/2019,2019,10,16,†,4,,-2.5,,0.8,,17.2,,0,,0,,0,,0,,0,,,,,
-99.29,49.28,BALDUR,5010140,10/17/2019,2019,10,17,†,8,,-1.5,,3.3,,14.7,,0,,0,,0,,0,,0,,,,,
-99.29,49.28,BALDUR,5010140,10/18/2019,2019,10,18,†,8,,-1.5,,3.3,,14.7,,0,,0,,0,,0,,0,,,,,
-99.29,49.28,BALDUR,5010140,10/19/2019,2019,10,19,†,12.5,,0,,6.3,,11.7,,0,,0,,0,,0,,0,,,,,
-99.29,49.28,BALDUR,5010140,10/20/2019,2019,10,20,†,,M,0,,,M,,M,,M,,,,,,,0,,,,,
-99.29,49.28,BALDUR,5010140,10/21/2019,2019,10,21,,,,,,,,,,,,,,,,,,,,,,,
-99.29,49.28,BALDUR,5010140,10/22/2019,2019,10,22,,,,,,,,,,,,,,,,,,,,,,,
-99.29,49.28,BALDUR,5010140,10/23/2019,2019,10,23,,,,,,,,,,,,,,,,,,,,,,,
-99.29,49.28,BALDUR,5010140,10/24/2019,2019,10,24,,,,,,,,,,,,,,,,,,,,,,,
-99.29,49.28,BALDUR,5010140,10/25/2019,2019,10,25,,,,,,,,,,,,,,,,,,,,,,,
-99.29,49.28,BALDUR,5010140,10/26/2019,2019,10,26,,,,,,,,,,,,,,,,,,,,,,,
-99.29,49.28,BALDUR,5010140,10/27/2019,2019,10,27,,,,,,,,,,,,,,,,,,,,,,,
-99.29,49.28,BALDUR,5010140,10/28/2019,2019,10,28,,,,,,,,,,,,,,,,,,,,,,,
-99.29,49.28,BALDUR,5010140,10/29/2019,2019,10,29,,,,,,,,,,,,,,,,,,,,,,,
-99.29,49.28,BALDUR,5010140,10/30/2019,2019,10,30,,,,,,,,,,,,,,,,,,,,,,,
-99.29,49.28,BALDUR,5010140,10/31/2019,2019,10,31,,,,,,,,,,,,,,,,,,,,,,,
-99.29,49.28,BALDUR,5010140,11/1/2019,2019,11,1,,,,,,,,,,,,,,,,,,,,,,,
-99.29,49.28,BALDUR,5010140,11/2/2019,2019,11,2,,,,,,,,,,,,,,,,,,,,,,,
-99.29,49.28,BALDUR,5010140,11/3/2019,2019,11,3,,,,,,,,,,,,,,,,,,,,,,,
-99.29,49.28,BALDUR,5010140,11/4/2019,2019,11,4,,,,,,,,,,,,,,,,,,,,,,,
-99.29,49.28,BALDUR,5010140,11/5/2019,2019,11,5,,,,,,,,,,,,,,,,,,,,,,,
-99.29,49.28,BALDUR,5010140,11/6/2019,2019,11,6,,,,,,,,,,,,,,,,,,,,,,,
-99.29,49.28,BALDUR,5010140,11/7/2019,2019,11,7,,,,,,,,,,,,,,,,,,,,,,,
-99.29,49.28,BALDUR,5010140,11/8/2019,2019,11,8,,,,,,,,,,,,,,,,,,,,,,,
-99.29,49.28,BALDUR,5010140,11/9/2019,2019,11,9,,,,,,,,,,,,,,,,,,,,,,,
-99.29,49.28,BALDUR,5010140,11/10/2019,2019,11,10,,,,,,,,,,,,,,,,,,,,,,,
-99.29,49.28,BALDUR,5010140,11/11/2019,2019,11,11,,,,,,,,,,,,,,,,,,,,,,,
-99.29,49.28,BALDUR,5010140,11/12/2019,2019,11,12,,,,,,,,,,,,,,,,,,,,,,,
-99.29,49.28,BALDUR,5010140,11/13/2019,2019,11,13,,,,,,,,,,,,,,,,,,,,,,,
-99.29,49.28,BALDUR,5010140,11/14/2019,2019,11,14,,,,,,,,,,,,,,,,,,,,,,,
-99.29,49.28,BALDUR,5010140,11/15/2019,2019,11,15,,,,,,,,,,,,,,,,,,,,,,,
-99.29,49.28,BALDUR,5010140,11/16/2019,2019,11,16,,,,,,,,,,,,,,,,,,,,,,,
-99.29,49.28,BALDUR,5010140,11/17/2019,2019,11,17,,,,,,,,,,,,,,,,,,,,,,,
-99.29,49.28,BALDUR,5010140,11/18/2019,2019,11,18,,,,,,,,,,,,,,,,,,,,,,,
-99.29,49.28,BALDUR,5010140,11/19/2019,2019,11,19,,,,,,,,,,,,,,,,,,,,,,,
-99.29,49.28,BALDUR,5010140,11/20/2019,2019,11,20,,,,,,,,,,,,,,,,,,,,,,,
-99.29,49.28,BALDUR,5010140,11/21/2019,2019,11,21,,,,,,,,,,,,,,,,,,,,,,,
-99.29,49.28,BALDUR,5010140,11/22/2019,2019,11,22,,,,,,,,,,,,,,,,,,,,,,,
-99.29,49.28,BALDUR,5010140,11/23/2019,2019,11,23,,,,,,,,,,,,,,,,,,,,,,,
-99.29,49.28,BALDUR,5010140,11/24/2019,2019,11,24,,,,,,,,,,,,,,,,,,,,,,,
-99.29,49.28,BALDUR,5010140,11/25/2019,2019,11,25,,,,,,,,,,,,,,,,,,,,,,,
-99.29,49.28,BALDUR,5010140,11/26/2019,2019,11,26,,,,,,,,,,,,,,,,,,,,,,,
-99.29,49.28,BALDUR,5010140,11/27/2019,2019,11,27,,,,,,,,,,,,,,,,,,,,,,,
-99.29,49.28,BALDUR,5010140,11/28/2019,2019,11,28,,,,,,,,,,,,,,,,,,,,,,,
-99.29,49.28,BALDUR,5010140,11/29/2019,2019,11,29,,,,,,,,,,,,,,,,,,,,,,,
-99.29,49.28,BALDUR,5010140,11/30/2019,2019,11,30,,,,,,,,,,,,,,,,,,,,,,,
-99.29,49.28,BALDUR,5010140,12/1/2019,2019,12,1,,,,,,,,,,,,,,,,,,,,,,,
-99.29,49.28,BALDUR,5010140,12/2/2019,2019,12,2,,,,,,,,,,,,,,,,,,,,,,,
-99.29,49.28,BALDUR,5010140,12/3/2019,2019,12,3,,,,,,,,,,,,,,,,,,,,,,,
-99.29,49.28,BALDUR,5010140,12/4/2019,2019,12,4,,,,,,,,,,,,,,,,,,,,,,,
-99.29,49.28,BALDUR,5010140,12/5/2019,2019,12,5,,,,,,,,,,,,,,,,,,,,,,,
-99.29,49.28,BALDUR,5010140,12/6/2019,2019,12,6,,,,,,,,,,,,,,,,,,,,,,,
-99.29,49.28,BALDUR,5010140,12/7/2019,2019,12,7,,,,,,,,,,,,,,,,,,,,,,,
-99.29,49.28,BALDUR,5010140,12/8/2019,2019,12,8,,,,,,,,,,,,,,,,,,,,,,,
-99.29,49.28,BALDUR,5010140,12/9/2019,2019,12,9,,,,,,,,,,,,,,,,,,,,,,,
-99.29,49.28,BALDUR,5010140,12/10/2019,2019,12,10,,,,,,,,,,,,,,,,,,,,,,,
-99.29,49.28,BALDUR,5010140,12/11/2019,2019,12,11,,,,,,,,,,,,,,,,,,,,,,,
-99.29,49.28,BALDUR,5010140,12/12/2019,2019,12,12,,,,,,,,,,,,,,,,,,,,,,,
-99.29,49.28,BALDUR,5010140,12/13/2019,2019,12,13,,,,,,,,,,,,,,,,,,,,,,,
-99.29,49.28,BALDUR,5010140,12/14/2019,2019,12,14,,,,,,,,,,,,,,,,,,,,,,,
-99.29,49.28,BALDUR,5010140,12/15/2019,2019,12,15,,,,,,,,,,,,,,,,,,,,,,,
-99.29,49.28,BALDUR,5010140,12/16/2019,2019,12,16,,,,,,,,,,,,,,,,,,,,,,,
-99.29,49.28,BALDUR,5010140,12/17/2019,2019,12,17,,,,,,,,,,,,,,,,,,,,,,,
-99.29,49.28,BALDUR,5010140,12/18/2019,2019,12,18,,,,,,,,,,,,,,,,,,,,,,,
-99.29,49.28,BALDUR,5010140,12/19/2019,2019,12,19,,,,,,,,,,,,,,,,,,,,,,,
-99.29,49.28,BALDUR,5010140,12/20/2019,2019,12,20,,,,,,,,,,,,,,,,,,,,,,,
-99.29,49.28,BALDUR,5010140,12/21/2019,2019,12,21,,,,,,,,,,,,,,,,,,,,,,,
-99.29,49.28,BALDUR,5010140,12/22/2019,2019,12,22,,,,,,,,,,,,,,,,,,,,,,,
-99.29,49.28,BALDUR,5010140,12/23/2019,2019,12,23,,,,,,,,,,,,,,,,,,,,,,,
-99.29,49.28,BALDUR,5010140,12/24/2019,2019,12,24,,,,,,,,,,,,,,,,,,,,,,,
-99.29,49.28,BALDUR,5010140,12/25/2019,2019,12,25,,,,,,,,,,,,,,,,,,,,,,,
-99.29,49.28,BALDUR,5010140,12/26/2019,2019,12,26,,,,,,,,,,,,,,,,,,,,,,,
-99.29,49.28,BALDUR,5010140,12/27/2019,2019,12,27,,,,,,,,,,,,,,,,,,,,,,,
-99.29,49.28,BALDUR,5010140,12/28/2019,2019,12,28,,,,,,,,,,,,,,,,,,,,,,,
-99.29,49.28,BALDUR,5010140,12/29/2019,2019,12,29,,,,,,,,,,,,,,,,,,,,,,,
-99.29,49.28,BALDUR,5010140,12/30/2019,2019,12,30,,,,,,,,,,,,,,,,,,,,,,,
-99.29,49.28,BALDUR,5010140,12/31/2019,2019,12,31,,,,,,,,,,,,,,,,,,,,,,,
